site_name,dec_lat_va,dec_long_va
Dungeness_Gage,48.0142578,-123.1326773
Elwha_Gage,48.05478018,-123.5832136
Skokomish_Gage,47.3098151,-123.1770995
